Workbook
Name Total_Energies_1: _Energies!$A$16:$C$38
Name Total_Energies_2: _Energies!$A$41:$C$75
Name Total_Energies_3: _Energies!$G$38:$I$62
Name Total_Energies_4: _Energies!$G$28:$I$38
Name Total_Energies_5: _Energies!$G$65:$I$99
Name Total_Energies_6: '_B3LYP En'!$A$76:$C$86

Sheet _Energies
A1: Protonation site | C1: /home/sacal5/Mech_monomers/acid_mech/proton_site
A2: Vacuum | G2: In solvent | K2: DID NOT CONVERGE AT HIGHEST LEVEL
A3: Capping O | G3: can't find this source file!! | K3: Data from -mid level | N3: bogus - I said SCRF but forgot to specify which one, (it auto input "allcheck". Likely why the energies are so similar (though weirdly not indenitcal - don’t know excatly what it did there)
A4: ../C2-Hcap_fromcln.out | G4: solvent/cont_s-C2-Hcap_fromcln.out | N4: _s-C2-Hcap_fromcln.out
A5: SCF Done: E(RwB97XD) = | C5: -970.37932 | D5: A.U. after 1 cycles | G5: SCF Done: E(RwB97XD) = | I5: -970.46405 | K5: -970.37378 | L5: A.U. after 1 cycles | N5: SCF Done: E(RwB97XD) = | P5: -970.37932 | Q5: A.U. after 1 cycles
A6: Zero-point correction= | C6: 0.270466 | D6: (Hartree/Particle) | G6: Zero-point correction= | I6: 0.269854 | K6: 0.26816 | L6: (Hartree/Particle) | N6: Zero-point correction= | P6: 0.270474 | Q6: (Hartree/Particle)
A7: Thermal correction to Energy= | C7: 0.288542 | G7: Thermal correction to Energy= | I7: 0.287516 | N7: Thermal correction to Energy= | P7: 0.288549
A8: Thermal correction to Enthalpy= | C8: 0.289486 | G8: Thermal correction to Enthalpy= | I8: 0.28846 | N8: Thermal correction to Enthalpy= | P8: 0.289493
A9: Thermal correction to Gibbs Free Energy= | C9: 0.22362 | G9: Thermal correction to Gibbs Free Energy= | I9: 0.221945 | N9: Thermal correction to Gibbs Free Energy= | P9: 0.223623
A10: Sum of electronic and zero-point Energies= | C10: -970.10886 | G10: Sum of electronic and zero-point Energies= | I10: -970.1942 | N10: Sum of electronic and zero-point Energies= | P10: -970.10885
A11: Sum of electronic and thermal Energies= | C11: -970.09078 | G11: Sum of electronic and thermal Energies= | I11: -970.17654 | N11: Sum of electronic and thermal Energies= | P11: -970.09077
A12: Sum of electronic and thermal Enthalpies= | C12: -970.08984 | G12: Sum of electronic and thermal Enthalpies= | I12: -970.17559 | N12: Sum of electronic and thermal Enthalpies= | P12: -970.08983
A13: Sum of electronic and thermal Free Energies= | C13: -970.1557 | G13: Sum of electronic and thermal Free Energies= | I13: -970.24211 | N13: Sum of electronic and thermal Free Energies= | P13: -970.1557
A15: bridging O
A16: C2H-ON_fromcln.out | G16: solvent/(s-)C2H-ON_fromcln.out
A17: SCF Done: E(RwB97XD) = -970.379307354 | B17: A.U. | C17: after 1 cycles | G17: SCF Done: E(RwB97XD) = -970.464051778 | H17: A.U. | I17: after 1 cycles
A18: Zero-point correction= | C18: 0.270132 | D18: (Hartree/Particle) | G18: Zero-point correction= | I18: 0.269974 | J18: (Hartree/Particle)
A19: Thermal correction to Energy= | C19: 0.288353 | G19: Thermal correction to Energy= | I19: 0.288411
A20: Thermal correction to Enthalpy= | C20: 0.289297 | G20: Thermal correction to Enthalpy= | I20: 0.289356
A21: Thermal correction to Gibbs Free Energy= | C21: 0.2229 | G21: Thermal correction to Gibbs Free Energy= | I21: 0.222567
A22: Sum of electronic and zero-point Energies= | C22: -970.10918 | G22: Sum of electronic and zero-point Energies= | I22: -970.19408
A23: Sum of electronic and thermal Energies= | C23: -970.09096 | G23: Sum of electronic and thermal Energies= | I23: -970.17564
A24: Sum of electronic and thermal Enthalpies= | C24: -970.09001 | G24: Sum of electronic and thermal Enthalpies= | I24: -970.1747
A25: Sum of electronic and thermal Free Energies= | C25: -970.15641 | G25: Sum of electronic and thermal Free Energies= | I25: -970.24149
A27: Terminal O
A28: C2-OH.out | G28: C2-OH.out
G29: SCF Done: E(RwB97XD) = -970.449963212 | H29: A.U. | I29: after 1 cycles
A30: Zero-point correction= | C30: 0.270016 (Hartree/Particle) | G30: Zero-point correction= | I30: 0.269745 (Hartree/Particle)
A31: Thermal correction to Energy= | C31: 0.288225 | G31: Thermal correction to Energy= | I31: 0.288116
A32: Thermal correction to Enthalpy= | C32: 0.289169 | G32: Thermal correction to Enthalpy= | I32: 0.28906
A33: Thermal correction to Gibbs Free Energy= | C33: 0.223529 | G33: Thermal correction to Gibbs Free Energy= | I33: 0.22298
A34: Sum of electronic and zero-point Energies= | C34: -970.09762 | G34: Sum of electronic and zero-point Energies= | I34: -970.18022
A35: Sum of electronic and thermal Energies= | C35: -970.07941 | G35: Sum of electronic and thermal Energies= | I35: -970.16185
A36: Sum of electronic and thermal Enthalpies= | C36: -970.07846 | G36: Sum of electronic and thermal Enthalpies= | I36: -970.1609
A37: Sum of electronic and thermal Free Energies= | C37: -970.1441 | G37: Sum of electronic and thermal Free Energies= | I37: -970.22698
C40: /home/uccajla/ravensave/delta_G_stab
A41: H20.out | G41: H20.out
A42: SCF Done: E(RwB97XD) = -76.4155806705 | B42: A.U. | C42: after 1 cycles | G42: SCF Done: E(RwB97XD) = -76.4229441399 | H42: A.U. | I42: after 1 cycles
A43: Zero-point correction= | C43: 0.021739 (Hartree/Particle) | G43: Zero-point correction= | I43: 0.021586 (Hartree/Particle)
A44: Thermal correction to Energy= | C44: 0.024574 | G44: Thermal correction to Energy= | I44: 0.024421
A45: Thermal correction to Enthalpy= | C45: 0.025519 | G45: Thermal correction to Enthalpy= | I45: 0.025365
A46: Thermal correction to Gibbs Free Energy= | C46: 0.00411 | G46: Thermal correction to Gibbs Free Energy= | I46: 0.003948
A47: Sum of electronic and zero-point Energies= | C47: -76.393842 | G47: Sum of electronic and zero-point Energies= | I47: -76.401358
A48: Sum of electronic and thermal Energies= | C48: -76.391006 | G48: Sum of electronic and thermal Energies= | I48: -76.398523
A49: Sum of electronic and thermal Enthalpies= | C49: -76.390062 | G49: Sum of electronic and thermal Enthalpies= | I49: -76.397579
A50: Sum of electronic and thermal Free Energies= | C50: -76.411471 | G50: Sum of electronic and thermal Free Energies= | I50: -76.418996
A53: H3O-hi.out | G53: H3O-hi.out
A54: SCF Done: E(RwB97XD) = -76.6920816979 | B54: A.U. | C54: after 1 cycles | G54: SCF Done: E(RwB97XD) = -76.8158259743 | H54: A.U. | I54: after 1 cycles
A55: Zero-point correction= | C55: 0.034827 (Hartree/Particle) | G55: Zero-point correction= | I55: 0.035339 (Hartree/Particle)
A56: Thermal correction to Energy= | C56: 0.03774 | G56: Thermal correction to Energy= | I56: 0.038222
A57: Thermal correction to Enthalpy= | C57: 0.038684 | G57: Thermal correction to Enthalpy= | I57: 0.039166
A58: Thermal correction to Gibbs Free Energy= | C58: 0.016734 | G58: Thermal correction to Gibbs Free Energy= | I58: 0.017259
A59: Sum of electronic and zero-point Energies= | C59: -76.657255 | G59: Sum of electronic and zero-point Energies= | I59: -76.780487
A60: Sum of electronic and thermal Energies= | C60: -76.654342 | G60: Sum of electronic and thermal Energies= | I60: -76.777604
A61: Sum of electronic and thermal Enthalpies= | C61: -76.653398 | G61: Sum of electronic and thermal Enthalpies= | I61: -76.77666
A62: Sum of electronic and thermal Free Energies= | C62: -76.675348 | G62: Sum of electronic and thermal Free Energies= | I62: -76.798567
A65: no2_pos_ion.out | G65: no2_pos_ion.out
A66: SCF Done: E(RwB97XD) = -204.673218187 | B66: A.U. | C66: after 1 cycles | G66: SCF Done: E(RwB97XD) = -204.788184681 | H66: A.U. | I66: after 1 cycles
A67: Zero-point correction= | C67: 0.012171 (Hartree/Particle) | G67: Zero-point correction= | I67: 0.012293 (Hartree/Particle)
A68: Thermal correction to Energy= | C68: 0.014785 | G68: Thermal correction to Energy= | I68: 0.01489
A69: Thermal correction to Enthalpy= | C69: 0.015729 | G69: Thermal correction to Enthalpy= | I69: 0.015834
A70: Thermal correction to Gibbs Free Energy= | C70: -0.008504 | G70: Thermal correction to Gibbs Free Energy= | I70: -0.008371
A71: Sum of electronic and zero-point Energies= | C71: -204.66105 | G71: Sum of electronic and zero-point Energies= | I71: -204.77589
A72: Sum of electronic and thermal Energies= | C72: -204.65843 | G72: Sum of electronic and thermal Energies= | I72: -204.77329
A73: Sum of electronic and thermal Enthalpies= | C73: -204.65749 | G73: Sum of electronic and thermal Enthalpies= | I73: -204.77235
A74: Sum of electronic and thermal Free Energies= | C74: -204.68172 | G74: Sum of electronic and thermal Free Energies= | I74: -204.79656
A77: C2.out | G77: solv-C2.out
G78: SCF Done: E(RwB97XD) = -970.073670873 | H78: A.U. | I78: after 1 cycles
A79: Zero-point correction= | C79: 0.257509 (Hartree/Particle) | G79: Zero-point correction= | I79: 0.257100 (Hartree/Particle)
A80: Thermal correction to Energy= | C80: 0.275457 | G80: Thermal correction to Energy= | I80: 0.275114
A81: Thermal correction to Enthalpy= | C81: 0.276401 | G81: Thermal correction to Enthalpy= | I81: 0.276058
A82: Thermal correction to Gibbs Free Energy= | C82: 0.210845 | G82: Thermal correction to Gibbs Free Energy= | I82: 0.210393
A83: Sum of electronic and zero-point Energies= | C83: -969.79686 | G83: Sum of electronic and zero-point Energies= | I83: -969.81657
A84: Sum of electronic and thermal Energies= | C84: -969.77891 | G84: Sum of electronic and thermal Energies= | I84: -969.79856
A85: Sum of electronic and thermal Enthalpies= | C85: -969.77796 | G85: Sum of electronic and thermal Enthalpies= | I85: -969.79761
A86: Sum of electronic and thermal Free Energies= | C86: -969.84352 | G86: Sum of electronic and thermal Free Energies= | I86: -969.86328

Sheet _B3LYP En
A1: Vacuum | D1: FIX THESE | E1: solvent
A2: from: | D2: All unconverged
A3: /home/c.sacal5/Scratch/Mech_monomers/proton_site
A5: Capping O | H5: UNCONVERGED | J5: from:
A6: B3LYP_C2-Hcap_fromcln.out | D6: cont_cont_B3LYP_s-C2-Hcap_fromcln.out | H6: B3LYP_s-C2-Hcap_fromcln.out | J6: /home/c.sacal5/Scratch/Mech_monomers/proton_site/solvent
A7: SCF Done: E(RB3LYP) | B7: -970.668824653 A.U. after 1 cycles | D7: SCF Done: E(RB3LYP) | E7: -970.754047106 A.U. after 1 cycles | H7: SCF Done: E(RB3LYP) | I7: -970.754093095 A.U. after 1 cycles
A8: Zero-point correction | B8: 0.265572 (Hartree/Particle) | D8: Zero-point correction | E8: 0.263084 (Hartree/Particle) | H8: Zero-point correction | I8: 0.262777 (Hartree/Particle)
A9: Thermal correction to Energy | B9: 0.284198 | D9: Thermal correction to Energy | E9: 0.279951 | H9: Thermal correction to Energy | I9: 0.279853
A10: Thermal correction to Enthalpy | B10: 0.285142 | D10: Thermal correction to Enthalpy | E10: 0.280895 | H10: Thermal correction to Enthalpy | I10: 0.280797
A11: Thermal correction to Gibbs Free Energy | B11: 0.218052 | D11: Thermal correction to Gibbs Free Energy | E11: 0.218276 | H11: Thermal correction to Gibbs Free Energy | I11: 0.215948
A12: Sum of electronic and zero-point Energies | B12: -970.40325 | D12: Sum of electronic and zero-point Energies | E12: -970.49096 | H12: Sum of electronic and zero-point Energies | I12: -970.49132
A13: Sum of electronic and thermal Energies | B13: -970.38463 | D13: Sum of electronic and thermal Energies | E13: -970.4741 | H13: Sum of electronic and thermal Energies | I13: -970.47424
A14: Sum of electronic and thermal Enthalpies | B14: -970.38368 | D14: Sum of electronic and thermal Enthalpies | E14: -970.47315 | H14: Sum of electronic and thermal Enthalpies | I14: -970.4733
A15: Sum of electronic and thermal Free Energies | B15: -970.45077 | D15: Sum of electronic and thermal Free Energies | E15: -970.53577 | H15: Sum of electronic and thermal Free Energies | I15: -970.53814
A17: bridging O
A18: B3LYP_C2H-ON_fromcln.out | D18: B3LYP_s-C2H-ON_fromcln.out | F18: from:
A19: SCF Done: E(RB3LYP) | B19: -970.668824813 A.U. after 1 cycles | D19: SCF Done: E(RB3LYP) | E19: -970.754093127 A.U. after 1 cycles | F19: /home/c.sacal5/Scratch/Mech_monomers/proton_site/solvent
A20: Zero-point correction | B20: 0.265572 (Hartree/Particle) | D20: Zero-point correction | E20: 0.262749 (Hartree/Particle)
A21: Thermal correction to Energy | B21: 0.284199 | D21: Thermal correction to Energy | E21: 0.279823
A22: Thermal correction to Enthalpy | B22: 0.285143 | D22: Thermal correction to Enthalpy | E22: 0.280767
A23: Thermal correction to Gibbs Free Energy | B23: 0.21805 | D23: Thermal correction to Gibbs Free Energy | E23: 0.216259
A24: Sum of electronic and zero-point Energies | B24: -970.40325 | D24: Sum of electronic and zero-point Energies | E24: -970.49134
A25: Sum of electronic and thermal Energies | B25: -970.38463 | D25: Sum of electronic and thermal Energies | E25: -970.47427
A26: Sum of electronic and thermal Enthalpies | B26: -970.38368 | D26: Sum of electronic and thermal Enthalpies | E26: -970.47333
A27: Sum of electronic and thermal Free Energies | B27: -970.45078 | D27: Sum of electronic and thermal Free Energies | E27: -970.53783
A29: Terminal O
A30: cont_B3LYP_C2-OH.out | D30: :q!
A31: SCF Done: E(RB3LYP) | B31: -970.655939672 A.U. after 1 cycles | D31: SCF Done: E(RB3LYP) | E31: -970.737776740 A.U. after 1 cycles
A32: Zero-point correction | B32: 0.265162 (Hartree/Particle) | D32: Zero-point correction | E32: 0.254654 (Hartree/Particle)
A33: Thermal correction to Energy | B33: 0.283865 | D33: Thermal correction to Energy | E33: 0.269704
A34: Thermal correction to Enthalpy | B34: 0.284809 | D34: Thermal correction to Enthalpy | E34: 0.270648
A35: Thermal correction to Gibbs Free Energy | B35: 0.217742 | D35: Thermal correction to Gibbs Free Energy | E35: 0.21082
A36: Sum of electronic and zero-point Energies | B36: -970.39078 | D36: Sum of electronic and zero-point Energies | E36: -970.48312
A37: Sum of electronic and thermal Energies | B37: -970.37207 | D37: Sum of electronic and thermal Energies | E37: -970.46807
A38: Sum of electronic and thermal Enthalpies | B38: -970.37113 | D38: Sum of electronic and thermal Enthalpies | E38: -970.46713
A39: Sum of electronic and thermal Free Energies | B39: -970.4382 | D39: Sum of electronic and thermal Free Energies | E39: -970.52696
A41: B3LYP_C2-OH.out | B41: UNCONVERGED | D41: B3LYP_s-C2-OH.out | E41: UNCONVERGED | F41: from:
A42: SCF Done: E(RB3LYP) | B42: -970.655939453 A.U. after 1 cycles | D42: SCF Done: E(RB3LYP) | E42: -970.737767586 A.U. after 1 cycles | F42: /home/c.sacal5/Scratch/Mech_monomers/proton_site/solvent
A43: Zero-point correction | B43: 0.265171 (Hartree/Particle) | D43: Zero-point correction | E43: 0.255252 (Hartree/Particle)
A44: Thermal correction to Energy | B44: 0.283863 | D44: Thermal correction to Energy | E44: 0.27014
A45: Thermal correction to Enthalpy | B45: 0.284807 | D45: Thermal correction to Enthalpy | E45: 0.271084
A46: Thermal correction to Gibbs Free Energy | B46: 0.217777 | D46: Thermal correction to Gibbs Free Energy | E46: 0.212743
A47: Sum of electronic and zero-point Energies | B47: -970.39077 | D47: Sum of electronic and zero-point Energies | E47: -970.48252
A48: Sum of electronic and thermal Energies | B48: -970.37208 | D48: Sum of electronic and thermal Energies | E48: -970.46763
A49: Sum of electronic and thermal Enthalpies | B49: -970.37113 | D49: Sum of electronic and thermal Enthalpies | E49: -970.46668
A50: Sum of electronic and thermal Free Energies | B50: -970.43816 | D50: Sum of electronic and thermal Free Energies | E50: -970.52502
A53: B3LYP_H20.out | D53: B3LYP_s-H20.out | F53: from:
A54: SCF Done: E(RB3LYP) | B54: -76.4406145973 A.U. after 1 cycles | D54: SCF Done: E(RB3LYP) | E54: -76.4478359776 A.U. after 1 cycles | F54: /home/c.sacal5/Scratch/Mech_monomers/proton_site/solvent
A55: Zero-point correction | B55: 0.021291 (Hartree/Particle) | D55: Zero-point correction | E55: 0.021176 (Hartree/Particle)
A56: Thermal correction to Energy | B56: 0.024126 | D56: Thermal correction to Energy | E56: 0.024011
A57: Thermal correction to Enthalpy | B57: 0.025071 | D57: Thermal correction to Enthalpy | E57: 0.024955
A58: Thermal correction to Gibbs Free Energy | B58: 0.003647 | D58: Thermal correction to Gibbs Free Energy | E58: 0.003524
A59: Sum of electronic and zero-point Energies | B59: -76.419324 | D59: Sum of electronic and zero-point Energies | E59: -76.42666
A60: Sum of electronic and thermal Energies | B60: -76.416488 | D60: Sum of electronic and thermal Energies | E60: -76.423825
A61: Sum of electronic and thermal Enthalpies | B61: -76.415544 | D61: Sum of electronic and thermal Enthalpies | E61: -76.422881
A62: Sum of electronic and thermal Free Energies | B62: -76.436967 | D62: Sum of electronic and thermal Free Energies | E62: -76.444312
A64: cont_B3LYP_H3O.out | D64: cont_cont_B3LYP_s-H3O.out
A65: SCF Done: E(RB3LYP) | B65: -76.7130619427 A.U. after 1 cycles | D65: SCF Done: E(RB3LYP) | E65: -76.8367687531 A.U. after 1 cycles
A66: Zero-point correction | B66: 0.034220 (Hartree/Particle) | D66: Zero-point correction | E66: 0.031856 (Hartree/Particle)
A67: Thermal correction to Energy | B67: 0.037136 | D67: Thermal correction to Energy | E67: 0.034703
A68: Thermal correction to Enthalpy | B68: 0.038081 | D68: Thermal correction to Enthalpy | E68: 0.035647
A69: Thermal correction to Gibbs Free Energy | B69: 0.016113 | D69: Thermal correction to Gibbs Free Energy | E69: 0.012733
A70: Sum of electronic and zero-point Energies | B70: -76.678842 | D70: Sum of electronic and zero-point Energies | E70: -76.804913
A71: Sum of electronic and thermal Energies | B71: -76.675926 | D71: Sum of electronic and thermal Energies | E71: -76.802066
A72: Sum of electronic and thermal Enthalpies | B72: -76.674981 | D72: Sum of electronic and thermal Enthalpies | E72: -76.801122
A73: Sum of electronic and thermal Free Energies | B73: -76.696949 | D73: Sum of electronic and thermal Free Energies | E73: -76.824035
D75: UNCONVERGED
A76: B3LYP_H3O.out | B76: UNCONVERGED | D76: B3LYP_s-H3O.out
A77: SCF Done: E(RB3LYP) = | B77: -76.7109768734 A.U. after 1 cycles | D77: SCF Done: E(RB3LYP) | E77: -76.8368073579 A.U. after 1 cycles
A78: Zero-point correction= | B78: 0.032649 (Hartree/Particle) | D78: Zero-point correction | E78: 0.034998 (Hartree/Particle)
A79: Thermal correction to Energy= | B79: 0.035488 | D79: Thermal correction to Energy | E79: 0.03784
A80: Thermal correction to Enthalpy= | B80: 0.036432 | D80: Thermal correction to Enthalpy | E80: 0.038784
A81: Thermal correction to Gibbs Free Energy= | B81: 0.014588 | D81: Thermal correction to Gibbs Free Energy | E81: 0.016914
A82: Sum of electronic and zero-point Energies= | B82: -76.678328 | D82: Sum of electronic and zero-point Energies | E82: -76.80181
A83: Sum of electronic and thermal Energies= | B83: -76.675489 | D83: Sum of electronic and thermal Energies | E83: -76.798968
A84: Sum of electronic and thermal Enthalpies= | B84: -76.674545 | D84: Sum of electronic and thermal Enthalpies | E84: -76.798023
A85: Sum of electronic and thermal Free Energies= | B85: -76.696389 | D85: Sum of electronic and thermal Free Energies | E85: -76.819894
H87: UNCONVERGED
A88: cont_B3LYP_no2_pos_ion.out | D88: B3LYP_s-no2_pos_ion.out | H88: B3LYP_s-no2_pos_ion.out
A89: SCF Done: E(RB3LYP) = | B89: -204.739796217 A.U. after 1 cycles | D89: SCF Done: E(RB3LYP) | E89: -204.854783192 A.U. after 1 cycles | H89: SCF Done: E(RB3LYP) | I89: -204.854783192 A.U. after 1 cycles
A90: Zero-point correction= | B90: 0.011880 (Hartree/Particle) | D90: Zero-point correction | E90: 0.012010 (Hartree/Particle) | H90: Zero-point correction | I90: 0.012010 (Hartree/Particle)
A91: Thermal correction to Energy= | B91: 0.014505 | D91: Thermal correction to Energy | E91: 0.01462 | H91: Thermal correction to Energy | I91: 0.01462
A92: Thermal correction to Enthalpy= | B92: 0.015449 | D92: Thermal correction to Enthalpy | E92: 0.015564 | H92: Thermal correction to Enthalpy | I92: 0.015564
A93: Thermal correction to Gibbs Free Energy= | B93: -0.008812 | D93: Thermal correction to Gibbs Free Energy | E93: -0.008671 | H93: Thermal correction to Gibbs Free Energy | I93: -0.008671
A94: Sum of electronic and zero-point Energies= | B94: -204.72792 | D94: Sum of electronic and zero-point Energies | E94: -204.84277 | H94: Sum of electronic and zero-point Energies | I94: -204.84277
A95: Sum of electronic and thermal Energies= | B95: -204.72529 | D95: Sum of electronic and thermal Energies | E95: -204.84016 | H95: Sum of electronic and thermal Energies | I95: -204.84016
A96: Sum of electronic and thermal Enthalpies= | B96: -204.72435 | D96: Sum of electronic and thermal Enthalpies | E96: -204.83922 | H96: Sum of electronic and thermal Enthalpies | I96: -204.83922
A97: Sum of electronic and thermal Free Energies= | B97: -204.74861 | D97: Sum of electronic and thermal Free Energies | E97: -204.86345 | H97: Sum of electronic and thermal Free Energies | I97: -204.86345
A99: cont_B3LYP_C2.out | D99: cont_cont_B3LYP_s-C2.out
A100: SCF Done: E(RB3LYP) | B100: -970.345838567 A.U. after 1 cycles | D100: SCF Done: E(RB3LYP) | E100: -970.364758927 A.U. after 1 cycles
A101: Zero-point correction | B101: 0.253170 (Hartree/Particle) | D101: Zero-point correction | E101: 0.252812 (Hartree/Particle)
A102: Thermal correction to Energy | B102: 0.271498 | D102: Thermal correction to Energy | E102: 0.270351
A103: Thermal correction to Enthalpy | B103: 0.272442 | D103: Thermal correction to Enthalpy | E103: 0.271295
A104: Thermal correction to Gibbs Free Energy | B104: 0.205817 | D104: Thermal correction to Gibbs Free Energy | E104: 0.207037
A105: Sum of electronic and zero-point Energies | B105: -970.09267 | D105: Sum of electronic and zero-point Energies | E105: -970.11195
A106: Sum of electronic and thermal Energies | B106: -970.07434 | D106: Sum of electronic and thermal Energies | E106: -970.09441
A107: Sum of electronic and thermal Enthalpies | B107: -970.0734 | D107: Sum of electronic and thermal Enthalpies | E107: -970.09346
A108: Sum of electronic and thermal Free Energies | B108: -970.14002 | D108: Sum of electronic and thermal Free Energies | E108: -970.15772
B110: UNCONVERGED | D110: UNCONVERGED
A111: B3LYP_C2.out | D111: B3LYP_s-C2.out
...

Sheet _MP2 En
A1: from: | H1: solvent
A2: /home/c.sacal5/Scratch/Mech_monomers/proton_site
A4: Capping O | B4: UNCONVERGED | H4: UNCONVERGED
A5: freq_MP2_C2-Hcap_fromcln.out
A6: SCF Done: E(RHF) | B6: -965.202180733 A.U. after 1 cycles
A7: Zero-point correction | B7: 0.268228 (Hartree/Particle)
A8: Thermal correction to Energy | B8: 0.286776
A9: Thermal correction to Enthalpy | B9: 0.287721
A10: Thermal correction to Gibbs Free Energy | B10: 0.220882
A11: Sum of electronic and zero-point Energies | B11: -968.26442
A12: Sum of electronic and thermal Energies | B12: -968.24588
A13: Sum of electronic and thermal Enthalpies | B13: -968.24493
A14: Sum of electronic and thermal Free Energies | B14: -968.31177
A18: bridging O
A19: cont_MP2_C2H-ON_fromcln.out | B19: UNCONVERGED | H19: UNCONVERGED
A20: SCF Done: E(RHF) | B20: -965.202163068 A.U. after 1 cycles
A21: Zero-point correction | B21: 0.268224 (Hartree/Particle)
A22: Thermal correction to Energy | B22: 0.286773
A23: Thermal correction to Enthalpy | B23: 0.287717
A24: Thermal correction to Gibbs Free Energy | B24: 0.220875
A25: Sum of electronic and zero-point Energies | B25: -968.26443
A26: Sum of electronic and thermal Energies | B26: -968.24588
A27: Sum of electronic and thermal Enthalpies | B27: -968.24494
A28: Sum of electronic and thermal Free Energies | B28: -968.31178
A31: Terminal O
A32: freq_MP2_C2-OH.out | B32: UNCONVERGED | G32: MP2_s-C2-OH.out | H32: UNCONVERGED | J32: cont_freq_MP2_C2-OH.out
A33: SCF Done: E(RHF) | B33: -965.236345168 A.U. after 1 cycles | G33: SCF Done: E(RHF) | H33: -965.321373840 A.U. after 1 cycles | J33: SCF Done: E(RHF) = -965.236341166 A.U. after 1 cycles
A34: Zero-point correction | B34: 0.270516 (Hartree/Particle) | G34: Zero-point correction | H34: 0.263579 (Hartree/Particle) | J34: Zero-point correction= 0.270516 (Hartree/Particle)
A35: Thermal correction to Energy | B35: 0.288716 | G35: Thermal correction to Energy | H35: 0.27835 | J35: Thermal correction to Energy= 0.288716
A36: Thermal correction to Enthalpy | B36: 0.28966 | G36: Thermal correction to Enthalpy | H36: 0.279294 | J36: Thermal correction to Enthalpy= 0.289660
A37: Thermal correction to Gibbs Free Energy | B37: 0.224189 | G37: Thermal correction to Gibbs Free Energy | H37: 0.222213 | J37: Thermal correction to Gibbs Free Energy= 0.224190
A38: Sum of electronic and zero-point Energies | B38: -968.24195 | G38: Sum of electronic and zero-point Energies | H38: -968.3316 | J38: Sum of electronic and zero-point Energies= -968.241955
A39: Sum of electronic and thermal Energies | B39: -968.22375 | G39: Sum of electronic and thermal Energies | H39: -968.31682 | J39: Sum of electronic and thermal Energies= -968.223755
A40: Sum of electronic and thermal Enthalpies | B40: -968.22281 | G40: Sum of electronic and thermal Enthalpies | H40: -968.31588 | J40: Sum of electronic and thermal Enthalpies= -968.222811
A41: Sum of electronic and thermal Free Energies | B41: -968.28828 | G41: Sum of electronic and thermal Free Energies | H41: -968.37296 | J41: Sum of electronic and thermal Free Energies= -968.288281
A43: MP2_H20.out | G43: MP2_s-H20.out | H43: UNCONVERGED | J43: cont_MP2_s-H20.out
A44: SCF Done: E(RHF) | B44: -76.0361041999 A.U. after 1 cycles | G44: SCF Done: E(RHF) | H44: -76.0437094005 A.U. after 1 cycles | J44: SCF Done: E(RHF) = -76.0437259378 A.U. after 1 cycles
A45: Zero-point correction | B45: 0.021615 (Hartree/Particle) | G45: Zero-point correction | H45: 0.021491 (Hartree/Particle) | J45: Zero-point correction= 0.021509 (Hartree/Particle)
A46: Thermal correction to Energy | B46: 0.024451 | G46: Thermal correction to Energy | H46: 0.024326 | J46: Thermal correction to Energy= 0.024344
A47: Thermal correction to Enthalpy | B47: 0.025395 | G47: Thermal correction to Enthalpy | H47: 0.02527 | J47: Thermal correction to Enthalpy= 0.025288
A48: Thermal correction to Gibbs Free Energy | B48: 0.003976 | G48: Thermal correction to Gibbs Free Energy | H48: 0.003843 | J48: Thermal correction to Gibbs Free Energy= 0.003861
A49: Sum of electronic and zero-point Energies | B49: -76.258731 | G49: Sum of electronic and zero-point Energies | H49: -76.266402 | J49: Sum of electronic and zero-point Energies= -76.266383
A50: Sum of electronic and thermal Energies | B50: -76.255896 | G50: Sum of electronic and thermal Energies | H50: -76.263566 | J50: Sum of electronic and thermal Energies= -76.263548
A51: Sum of electronic and thermal Enthalpies | B51: -76.254952 | G51: Sum of electronic and thermal Enthalpies | H51: -76.262622 | J51: Sum of electronic and thermal Enthalpies= -76.262604
A52: Sum of electronic and thermal Free Energies | B52: -76.276371 | G52: Sum of electronic and thermal Free Energies | H52: -76.28405 | J52: Sum of electronic and thermal Free Energies= -76.284031
A55: MP2_H3O.out | G55: MP2_s-H3O.out | H55: UNCONVERGED | J55: MP2_s-H3O.out
A56: SCF Done: E(RHF) | B56: -76.3126490980 A.U. after 1 cycles | G56: SCF Done: E(RHF) | H56: -76.4379873830 A.U. after 1 cycles | J56: SCF Done: E(RHF) = -76.4379873830 A.U. after 1 cycles
A57: Zero-point correction | B57: 0.033078 (Hartree/Particle) | G57: Zero-point correction | H57: 3.406937 (Hartree/Particle) | J57: Zero-point correction= 3.406937 (Hartree/Particle)
A58: Thermal correction to Energy | B58: 0.035916 | G58: Thermal correction to Energy | H58: 3.40977 | J58: Thermal correction to Energy= 3.409770
A59: Thermal correction to Enthalpy | B59: 0.03686 | G59: Thermal correction to Enthalpy | H59: 3.410714 | J59: Thermal correction to Enthalpy= 3.410714
A60: Thermal correction to Gibbs Free Energy | B60: 0.015027 | G60: Thermal correction to Gibbs Free Energy | H60: 3.387821 | J60: Thermal correction to Gibbs Free Energy= 3.387821
A61: Sum of electronic and zero-point Energies | B61: -76.514898 | G61: Sum of electronic and zero-point Energies | H61: -73.268488 | J61: Sum of electronic and zero-point Energies= -73.268488
A62: Sum of electronic and thermal Energies | B62: -76.51206 | G62: Sum of electronic and thermal Energies | H62: -73.265655 | J62: Sum of electronic and thermal Energies= -73.265655
A63: Sum of electronic and thermal Enthalpies | B63: -76.511116 | G63: Sum of electronic and thermal Enthalpies | H63: -73.264711 | J63: Sum of electronic and thermal Enthalpies= -73.264711
A64: Sum of electronic and thermal Free Energies | B64: -76.532949 | G64: Sum of electronic and thermal Free Energies | H64: -73.287603 | J64: Sum of electronic and thermal Free Energies= -73.287603
A67: cont_MP2_no2_pos_ion.out | H67: UNCONVERGED
A68: SCF Done: E(RHF) | B68: -203.698512588 A.U. after 1 cycles
A69: Zero-point correction | B69: 0.011596 (Hartree/Particle)
A70: Thermal correction to Energy | B70: 0.014275
A71: Thermal correction to Enthalpy | B71: 0.01522
A72: Thermal correction to Gibbs Free Energy | B72: -0.009151
A73: Sum of electronic and zero-point Energies | B73: -204.35596
A74: Sum of electronic and thermal Energies | B74: -204.35328
A75: Sum of electronic and thermal Enthalpies | B75: -204.35234
A76: Sum of electronic and thermal Free Energies | B76: -204.37671
H78: UNCONVERGED
A79: cont_MP2_C2.out | B79: UNCONVERGED
A80: SCF Done: E(RHF) | B80: -964.915675501 A.U. after 1 cycles
A81: Zero-point correction | B81: 0.258036 (Hartree/Particle)
A82: Thermal correction to Energy | B82: 0.275975
A83: Thermal correction to Enthalpy | B83: 0.276919
A84: Thermal correction to Gibbs Free Energy | B84: 0.211594
A85: Sum of electronic and zero-point Energies | B85: -967.95011
A86: Sum of electronic and thermal Energies | B86: -967.93217
A87: Sum of electronic and thermal Enthalpies | B87: -967.93123
A88: Sum of electronic and thermal Free Energies | B88: -967.99655

Sheet _DeltaG
A1: REDO THESE IN B3LYP if these weren't done in that beforehand | K1: hartree | L1: eV | M1: kJmol-1 | N1: kcalmol-1
A2: Vacuum | P2: Favorable, or spontaneous reactions: | Q2: deltaGo < 0
A3: Free energies | C3: NC | D3: + | E3: H3O+ | F3: -> | G3: NC-H | H3: + | I3: H2O | K3: Delta G | P3: Unfavorable, or non-spontaneous reactions: | Q3: deltaGo > 0
G4: Just NC + water, not protonated
A5: Just C2 | C5: -969.84352 | E5: -76.675348 | G5: -969.84352 | I5: -76.675348 | K5: =(G5+I5)-(C5+E5) -> 0 | L5: =K5*27 -> 0 | M5: =$K5*2600 -> 0 | N5: =$K5*630 -> 0
A6: MP2 | C6: -967.99655
A7: B3LYP | C7: -970.14002 | E7: -76.696949 | I7: -76.436967
A9: Bridging | C9: -969.84352 | E9: -76.675348 | G9: -970.15641 | I9: -76.411471 | K9: =(G9+I9)-(C9+E9) -> -0.049012 | L9: =K9*27 -> -1.323324 | M9: =$K9*2600 -> -127.4312 | N9: =$K9*630 -> -30.87756 | O9: most likely but | P9: (it looks like its trying to go to the capping group) | S9: =G9+I9 -> -1046.5679 | T9: =C9+E9 -> -1046.5189 | U9: =S9-T9 -> -0.049012
A10: MP2 | B10: -967.99655 | C10: -967.99655 | E10: -76.532949 | G10: -968.31178 | I10: -76.276371 | K10: =(G10+I10)-(C10+E10) -> -0.058647 | L10: =K10*27 -> -1.583469 | M10: =$K10*2600 -> -152.4822 | N10: =$K10*630 -> -36.94761
A11: B3LYP | C11: -970.14002 | E11: -76.696949 | G11: -970.45078 | I11: -76.436967 | K11: =(G11+I11)-(C11+E11) -> -0.050772 | L11: =K11*27 -> -1.370844 | M11: =$K11*2600 -> -132.0072 | N11: =$K11*630 -> -31.98636
G12: -968.31177
A13: Terminal | C13: -969.84352 | E13: -76.675348 | G13: -970.1441 | I13: -76.411471 | K13: =(G13+I13)-(C13+E13) -> -0.036707 | L13: =K13*27 -> -0.991089 | M13: =$K13*2600 -> -95.4382 | N13: =$K13*630 -> -23.12541 | O13: least likely
A14: MP2 | C14: -967.99655 | E14: -76.532949 | G14: -968.28828 | I14: -76.276371 | K14: =(G14+I14)-(C14+E14) -> -0.035151 | L14: =K14*27 -> -0.949077 | M14: =$K14*2600 -> -91.3926 | N14: =$K14*630 -> -22.14513
A15: B3LYP | C15: -970.14002 | E15: -76.696949 | G15: -970.4382 | I15: -76.436967 | K15: =(G15+I15)-(C15+E15) -> -0.038195 | L15: =K15*27 -> -1.031265 | M15: =$K15*2600 -> -99.307 | N15: =$K15*630 -> -24.06285
A18: Capping | C18: -969.84352 | E18: -76.675348 | G18: -970.1557 | I18: -76.411471 | K18: =(G18+I18)-(C18+E18) -> -0.048308 | L18: =K18*27 -> -1.304316 | M18: =$K18*2600 -> -125.6008 | N18: =$K18*630 -> -30.43404 | O18: less likely | P18: cont_freq_MP2_C2-Hcap_fromcln.out
A19: MP2 | C19: -967.99655 | E19: -76.532949 | G19: -968.31178 | I19: -76.276371 | K19: =(G19+I19)-(C19+E19) -> -0.058646 | L19: =K19*27 -> -1.583442 | M19: =$K19*2600 -> -152.4796 | N19: =$K19*630 -> -36.94698
A20: B3LYP | C20: -970.14002 | E20: -76.696949 | G20: -970.45077 | I20: -76.436967 | K20: =(G20+I20)-(C20+E20) -> -0.050769 | L20: =K20*27 -> -1.370763 | M20: =$K20*2600 -> -131.9994 | N20: =$K20*630 -> -31.98447
I22: Significant diff between DFT and MP2 waters
B24: NONE OF THESE ARE CONVERGED | K24: unfortunately none were converged…
A25: Solvent
A26: Free energies | C26: NC | D26: + | E26: H3O+ | F26: -> | G26: NC-H | H26: + | I26: H2O | K26: Delta G | O26: IT DOESN'T WANT TO BE PROTONATED IN SOLVENT
O27: But only by a small amount
A28: Just C2 | C28: -969.86328 | E28: -76.798567 | G28: -969.86328 | I28: -76.798567 | K28: =(G28+I28)-(C28+E28) -> 0 | L28: =K28*27 -> 0 | M28: =$K28*2600 -> 0 | N28: =$K28*630 -> 0
A29: MP2 | B29: not con | C29: -968.01475 | D29: freq_cont_MP2_s-C2.out
A30: B3LYP | C30: -970.15772 | E30: -76.824035 | I30: -76.444312
A33: Bridging | C33: -969.86328 | E33: -76.798567 | G33: -970.24149 | I33: -76.418996 | K33: =(G33+I33)-(C33+E33) -> 0.001364 | L33: =K33*27 -> 0.036828 | M33: =$K33*2600 -> 3.5464 | N33: =$K33*630 -> 0.85932 | P33: (it looks like its trying to go to the capping group) | S33: =I33+G33 -> -1046.6605 | T33: =E33+C33 -> -1046.6618 | U33: =S33-T33 -> 0.001364
A34: MP2 | C34: -968.01475 | E34: -76.660998 | G34: -968.40976 | H34: freq_MP2_s-C2H-ON_fromcln.out | I34: -76.284031 | K34: =(G34+I34)-(C34+E34) -> -0.018041 | L34: =K34*27 -> -0.487107 | M34: =$K34*2600 -> -46.9066 | N34: =$K34*630 -> -11.36583 | P34: cont_MP2_s-H3O.out
A35: B3LYP | C35: -970.15772 | E35: -76.824035 | G35: -970.53783 | I35: -76.444312 | K35: =(G35+I35)-(C35+E35) -> -0.000389 | L35: =K35*27 -> -0.010503 | M35: =$K35*2600 -> -1.0114 | N35: =$K35*630 -> -0.24507 | P35: B3LYP_s-C2H-ON_fromcln.out
A37: Terminal | C37: -969.86328 | E37: -76.798567 | G37: -970.22698 | I37: -76.418996 | K37: =(G37+I37)-(C37+E37) -> 0.015866 | L37: =K37*27 -> 0.428382 | M37: =$K37*2600 -> 41.2516 | N37: =$K37*630 -> 9.99558 | O37: not likely
A38: MP2 | C38: -968.01475 | E38: -76.660998 | G38: -968.37296 | H38: freq_MP2_s-C2-Hcap_fromcln.out | I38: -76.284031 | K38: =(G38+I38)-(C38+E38) -> 0.018758 | L38: =K38*27 -> 0.506466 | M38: =$K38*2600 -> 48.7708 | N38: =$K38*630 -> 11.81754
A39: B3LYP | C39: -970.15772 | E39: -76.824035 | G39: -970.52696 | I39: -76.444312 | K39: =(G39+I39)-(C39+E39) -> 0.010488 | L39: =K39*27 -> 0.283176 | M39: =$K39*2600 -> 27.2688 | N39: =$K39*630 -> 6.60744
A41: Capping | C41: -969.86328 | E41: -76.798567 | G41: -970.24211 | I41: -76.418996 | K41: =(G41+I41)-(C41+E41) -> 0.000742 | L41: =K41*27 -> 0.020034 | M41: =$K41*2600 -> 1.9292 | N41: =$K41*630 -> 0.46746 | O41: oooooh most likely
A42: MP2 | C42: -968.01475 | E42: -76.660998 | G42: -968.40957 | I42: -76.284031 | K42: =(G42+I42)-(C42+E42) -> -0.017853 | L42: =K42*27 -> -0.482031 | M42: =$K42*2600 -> -46.4178 | N42: =$K42*630 -> -11.24739
A43: B3LYP | C43: -970.15772 | E43: -76.824035 | G43: -970.53814 | I43: -76.444312 | K43: =(G43+I43)-(C43+E43) -> -0.0007 | L43: =K43*27 -> -0.0189 | M43: =$K43*2600 -> -1.82 | N43: =$K43*630 -> -0.441 | P43: B3LYP_s-C2-Hcap_fromcln.out
G44: -970.53577 | O44: Though be skeptical - you only managed to optimise this later and WITHOUT the zmat part.
G45: -970.1557 | I45: bogus - I said SCRF but forgot to specify which one, in the first opt | O45: Trying again with that switched on to see whether the energy is sginifciantly different or not
E48: YOU GOT THESE MIXED UP
B50: Protonation Site | C50: (Protonation reaction) | K50: ΔG of protonation
B51: Protonation Site | C51: NC | D51: + | E51: H3O+ | F51: -> | G51: NC-H | H51: + | I51: H2O | K51: H | L51: eV | M51: kJ/mol | N51: kCal/mol
A52: Vac | B52: Bridging | C52: -969.84352 | E52: -76.675348 | G52: -970.15641 | I52: -76.411471 | K52: =(I52+G52)-(E52+C52) -> -0.049012 | L52: =K52*27 -> -1.323324 | M52: =$K52*2600 -> -127.4312 | N52: =$K52*630 -> -30.87756
A53: solv | C53: -969.86328 | E53: -76.798567 | G53: -970.24149 | I53: -76.418996 | K53: =(I53+G53)-(E53+C53) -> 0.001364 | L53: =K53*27 -> 0.036828 | M53: =$K53*2600 -> 3.5464 | N53: =$K53*630 -> 0.85932
B54: Terminal | C54: -969.84352 | E54: -76.675348 | G54: -970.1441 | I54: -76.411471 | K54: =(I54+G54)-(E54+C54) -> -0.036707 | L54: =K54*27 -> -0.991089 | M54: =$K54*2600 -> -95.4382 | N54: =$K54*630 -> -23.12541
C55: -969.86328 | E55: -76.798567 | G55: -970.22698 | I55: -76.418996 | K55: =(I55+G55)-(E55+C55) -> 0.015866 | L55: =K55*27 -> 0.428382 | M55: =$K55*2600 -> 41.2516 | N55: =$K55*630 -> 9.99558
B56: Capping | C56: -969.84352 | E56: -76.675348 | G56: -970.1557 | I56: -76.411471 | K56: =(I56+G56)-(E56+C56) -> -0.048308 | L56: =K56*27 -> -1.304316 | M56: =$K56*2600 -> -125.6008 | N56: =$K56*630 -> -30.43404
C57: -969.86328 | E57: -76.798567 | G57: -970.24211 | I57: -76.418996 | K57: =(I57+G57)-(E57+C57) -> 0.000742 | L57: =K57*27 -> 0.020034 | M57: =$K57*2600 -> 1.9292 | N57: =$K57*630 -> 0.46746
A58: 6-31+G** | B58: lit. /wB97xd | E58: -76.687406
A59: vac only | E59: =E58-E52 -> -0.012058 | F59: H
E60: =E59*2600 -> -31.3508 | F60: kJ/mol
E61: This is quite a big diff. Explain-able by program ver / diff in basis/ compilation?
I64: Protonation Site | K64: Protonated | L64: ΔG of protonation
L65: H | M65: eV | N65: kJ/mol
I66: Bridging | J66: Gas | K66: -970.15641 | L66: -0.049012 | M66: -1.323324 | N66: -127.4312
J67: Solvent | K67: -970.24149 | L67: 0.001364 | M67: 0.036828 | N67: 3.5464
I68: Terminal | J68: Gas | K68: -970.1441 | L68: -0.036707 | M68: -0.991089 | N68: -95.4382
J69: Solvent | K69: -970.22698 | L69: 0.015866 | M69: 0.428382 | N69: 41.2516
I70: Capping | J70: Gas | K70: -970.1557 | L70: -0.048308 | M70: -1.304316 | N70: -125.6008
J71: Solvent | K71: -970.24211 | L71: 0.000742 | M71: 0.020034 | N71: 1.9292
B74: with B3LYP | O74: freq_B3less_O-in_N-out-Step12_R | P74: B3less_O-in_N-out-Step42_TS | Q74: freq_B3less_O-in_N-out-Step120_P | U74: reaction E | V74: eV | W74: kJ/mol | X74: kCal/mol
B75: Protonation Site | C75: NC | D75: + | E75: H3O+ | F75: -> | G75: NC-H | H75: + | I75: H2O | K75: H | L75: eV | M75: kJ/mol | N75: kCal/mol | O75: -970.35564 | P75: -970.35733 | Q75: -970.35523 | U75: =Q75-O75 -> 0.000413 | V75: =U75*27 -> 0.011151 | W75: =U75*2600 -> 1.0738 | X75: =U75*630 -> 0.26019
B76: Bridging | C76: -969.84352 | E76: -76.675348 | G76: -970.15641 | I76: -76.411471 | K76: =(I76+G76)-(E76+C76) -> -0.049012 | L76: =K76*27 -> -1.323324 | M76: =$K76*2600 -> -127.4312 | N76: =$K76*630 -> -30.87756 | O76: *
B77: wB97xd | C77: -969.86328 | E77: -76.798567 | G77: -970.24149 | I77: -76.418996 | K77: =(I77+G77)-(E77+C77) -> 0.001364 | L77: =K77*27 -> 0.036828 | M77: =$K77*2600 -> 3.5464 | N77: =$K77*630 -> 0.85932 | R77: wrong barrier cos wrong TS found | U77: barrier
A78: vac | B78: B3LYP | C78: -970.14002 | E78: -76.696949 | G78: -970.45078 | I78: -76.436967 | K78: =(I78+G78)-(E78+C78) -> -0.050772 | L78: =K78*27 -> -1.370844 | M78: =$K78*2600 -> -132.0072 | N78: =$K78*630 -> -31.98636 | U78: =P75-O75 -> -0.001683 | V78: =U78*27 -> -0.045441 | W78: =U78*2600 -> -4.3758 | X78: =U78*630 -> -1.06029
A79: pcm | C79: -970.15772 | E79: -76.824035 | G79: -970.53783 | I79: -76.444312 | K79: =(I79+G79)-(E79+C79) -> -0.000389 | L79: =K79*27 -> -0.010503 | M79: =$K79*2600 -> -1.0114 | N79: =$K79*630 -> -0.24507
B82: Terminal | C82: -969.84352 | E82: -76.675348 | G82: -970.1441 | I82: -76.411471 | K82: =(I82+G82)-(E82+C82) -> -0.036707 | L82: =K82*27 -> -0.991089 | M82: =$K82*2600 -> -95.4382 | N82: =$K82*630 -> -23.12541
B83: wB97xd | C83: -969.86328 | E83: -76.798567 | G83: -970.22698 | I83: -76.418996 | K83: =(I83+G83)-(E83+C83) -> 0.015866 | L83: =K83*27 -> 0.428382 | M83: =$K83*2600 -> 41.2516 | N83: =$K83*630 -> 9.99558
A84: vac | B84: B3LYP | C84: -970.14002 | E84: -76.696949 | G84: -970.4382 | I84: -76.436967 | K84: =(I84+G84)-(E84+C84) -> -0.038195 | L84: =K84*27 -> -1.031265 | M84: =$K84*2600 -> -99.307 | N84: =$K84*630 -> -24.06285
A85: pcm | C85: -970.15772 | E85: -76.824035 | G85: -970.52696 | I85: -76.444312 | K85: =(I85+G85)-(E85+C85) -> 0.010488 | L85: =K85*27 -> 0.283176 | M85: =$K85*2600 -> 27.2688 | N85: =$K85*630 -> 6.60744
B88: Capping | C88: -969.84352 | E88: -76.675348 | G88: -970.1557 | I88: -76.411471 | K88: =(I88+G88)-(E88+C88) -> -0.048308 | L88: =K88*27 -> -1.304316 | M88: =$K88*2600 -> -125.6008 | N88: =$K88*630 -> -30.43404
B89: wB97xd | C89: -969.86328 | E89: -76.798567 | G89: -970.24211 | I89: -76.418996 | K89: =(I89+G89)-(E89+C89) -> 0.000742 | L89: =K89*27 -> 0.020034 | M89: =$K89*2600 -> 1.9292 | N89: =$K89*630 -> 0.46746
A90: vac | B90: B3LYP | C90: -970.14002 | E90: -76.696949 | G90: -970.45077 | I90: -76.436967 | K90: =(I90+G90)-(E90+C90) -> -0.050769 | L90: =K90*27 -> -1.370763 | M90: =$K90*2600 -> -131.9994 | N90: =$K90*630 -> -31.98447
A91: pcm | C91: -970.15772 | E91: -76.824035 | G91: -970.53577 | I91: -76.444312 | K91: =(I91+G91)-(E91+C91) -> 0.001674 | L91: =K91*27 -> 0.045198 | M91: =$K91*2600 -> 4.3524 | N91: =$K91*630 -> 1.05462
A96: And subsequent denitration
B98: Protonated Site | C98: NC-H | D98: -> | E98: Cell | F98: + | G98: NO2+ | K98: H | L98: eV | M98: kJ/mol | N98: kCal/mol
B99: Bridging | C99: -970.15641 | E99: -765.42318 | G99: -204.68172 | K99: =(G99+E99)-C99 -> 0.051507 | L99: =K99*27 -> 1.390689 | M99: =$K99*2600 -> 133.9182 | N99: =$K99*630 -> 32.44941
B100: wB97xd | C100: -970.24149 | G100: -204.79656 | K100: =(G100+E100)-C100 -> 765.44493 | L100: =K100*27 -> 20667.013 | M100: =$K100*2600 -> 1990156.8 | N100: =$K100*630 -> 482230.31
B101: B3LYP | C101: -970.45078 | G101: -204.74861 | K101: =(G101+E101)-C101 -> 765.70217 | L101: =K101*27 -> 20673.959 | M101: =$K101*2600 -> 1990825.6 | N101: =$K101*630 -> 482392.37
C102: -970.53783 | G102: -204.86345 | K102: =(G102+E102)-C102 -> 765.67438 | L102: =K102*27 -> 20673.208 | M102: =$K102*2600 -> 1990753.4 | N102: =$K102*630 -> 482374.86
B105: Terminal | C105: -970.1441 | E105: -765.42318 | G105: -204.68172 | K105: =(G105+E105)-C105 -> 0.039202 | L105: =K105*27 -> 1.058454 | M105: =$K105*2600 -> 101.9252 | N105: =$K105*630 -> 24.69726
B106: wB97xd | C106: -970.22698 | G106: -204.79656 | K106: =(G106+E106)-C106 -> 765.43043 | L106: =K106*27 -> 20666.622 | M106: =$K106*2600 -> 1990119.1 | N106: =$K106*630 -> 482221.17
B107: B3LYP | C107: -970.4382 | G107: -204.74861 | K107: =(G107+E107)-C107 -> 765.68959 | L107: =K107*27 -> 20673.619 | M107: =$K107*2600 -> 1990792.9 | N107: =$K107*630 -> 482384.44
C108: -970.52696 | G108: -204.86345 | K108: =(G108+E108)-C108 -> 765.6635 | L108: =K108*27 -> 20672.915 | M108: =$K108*2600 -> 1990725.1 | N108: =$K108*630 -> 482368.01
B111: Capping | C111: -970.1557 | E111: -765.42318 | G111: -204.68172 | K111: =(G111+E111)-C111 -> 0.050803 | L111: =K111*27 -> 1.371681 | M111: =$K111*2600 -> 132.0878 | N111: =$K111*630 -> 32.00589
B112: wB97xd | C112: -970.24211 | G112: -204.79656 | K112: =(G112+E112)-C112 -> 765.44555 | L112: =K112*27 -> 20667.03 | M112: =$K112*2600 -> 1990158.4 | N112: =$K112*630 -> 482230.7
B113: B3LYP | C113: -970.45077 | G113: -204.74861 | K113: =(G113+E113)-C113 -> 765.70216 | L113: =K113*27 -> 20673.958 | M113: =$K113*2600 -> 1990825.6 | N113: =$K113*630 -> 482392.36
C114: -970.53577 | G114: -204.86345 | K114: =(G114+E114)-C114 -> 765.67232 | L114: =K114*27 -> 20673.153 | M114: =$K114*2600 -> 1990748 | N114: =$K114*630 -> 482373.56

Sheet DeltaG (2)
A1: REDO THESE IN B3LYP if these weren't done in that beforehand | K1: hartree | L1: eV | M1: kJmol-1 | N1: kcalmol-1
A2: Vacuum | O2: 8.9.2019 | P2: Favorable, or spontaneous reactions: | Q2: deltaGo < 0
A3: Free energies | C3: NC | D3: + | E3: H3O+ | F3: -> | G3: NC-H | H3: + | I3: H2O | K3: Delta G | O3: found out none of my solvent calcs converged. Drama | P3: Unfavorable, or non-spontaneous reactions: | Q3: deltaGo > 0
G4: Just NC + water, not protonated
A5: Just C2 | C5: -969.84352 | E5: -76.675348 | G5: -969.84352 | I5: -76.675348 | K5: =(G5+I5)-(C5+E5) -> 0 | L5: =K5*27 -> 0 | M5: =$K5*2600 -> 0 | N5: =$K5*630 -> 0
A6: MP2 | C6: -967.99655
A7: B3LYP
A9: Bridging | C9: -969.84352 | E9: -76.675348 | G9: -970.15641 | I9: -76.411471 | K9: =(G9+I9)-(C9+E9) -> -0.049012 | L9: =K9*27 -> -1.323324 | M9: =$K9*2600 -> -127.4312 | N9: =$K9*630 -> -30.87756 | O9: most likely but | P9: (it looks like its trying to go to the capping group) | S9: =G9+I9 -> -1046.5679 | T9: =C9+E9 -> -1046.5189 | U9: =S9-T9 -> -0.049012
A10: MP2 | B10: -967.99655 | C10: -968.31178 | E10: -76.532949 | G10: -968.31178 | I10: -76.276371
A11: B3LYP
G12: -968.31177
A13: Terminal | C13: -969.84352 | E13: -76.675348 | G13: -970.1441 | I13: -76.411471 | K13: =(G13+I13)-(C13+E13) -> -0.036707 | L13: =K13*27 -> -0.991089 | M13: =$K13*2600 -> -95.4382 | N13: =$K13*630 -> -23.12541 | O13: least likely
A14: MP2 | C14: -968.28828 | G14: -968.28828
A15: B3LYP
A18: Capping | C18: -969.84352 | E18: -76.675348 | G18: -970.1557 | I18: -76.411471 | K18: =(G18+I18)-(C18+E18) -> -0.048308 | L18: =K18*27 -> -1.304316 | M18: =$K18*2600 -> -125.6008 | N18: =$K18*630 -> -30.43404 | O18: less likely
A19: MP2 | C19: -968.31177 | G19: -968.31177
A20: B3LYP
A25: Solvent
A26: Free energies | C26: NC | D26: + | E26: H3O+ | F26: -> | G26: NC-H | H26: + | I26: H2O | K26: Delta G | O26: IT DOESN'T WANT TO BE PROTONATED IN SOLVENT
O27: But only by a small amount
A28: Just C2 | C28: -969.86328 | E28: -76.798567 | G28: -969.86328 | I28: -76.798567 | K28: =(G28+I28)-(C28+E28) -> 0 | L28: =K28*27 -> 0 | M28: =$K28*2600 -> 0 | N28: =$K28*630 -> 0
A29: MP2
A30: B3LYP
A33: Bridging | C33: -969.86328 | E33: -76.798567 | G33: -970.24149 | I33: -76.418996 | K33: =(G33+I33)-(C33+E33) -> 0.001364 | L33: =K33*27 -> 0.036828 | M33: =$K33*2600 -> 3.5464 | N33: =$K33*630 -> 0.85932 | P33: (it looks like its trying to go to the capping group) | S33: =I33+G33 -> -1046.6605 | T33: =E33+C33 -> -1046.6618 | U33: =S33-T33 -> 0.001364
A34: smd
A35: MP2
A36: smd
A37: B3LYP
A38: smd
A40: Terminal | C40: -969.86328 | E40: -76.798567 | G40: -970.22698 | I40: -76.418996 | K40: =(G40+I40)-(C40+E40) -> 0.015866 | L40: =K40*27 -> 0.428382 | M40: =$K40*2600 -> 41.2516 | N40: =$K40*630 -> 9.99558 | O40: not likely
A41: smd
A42: MP2
A43: smd
A44: B3LYP
A45: smd
A47: Capping | C47: -969.86328 | E47: -76.798567 | G47: -970.24211 | I47: -76.418996 | K47: =(G47+I47)-(C47+E47) -> 0.000742 | L47: =K47*27 -> 0.020034 | M47: =$K47*2600 -> 1.9292 | N47: =$K47*630 -> 0.46746 | O47: oooooh most likely
A48: smd
A49: MP2
A50: smd
A51: B3LYP
A52: smd
O53: Though be skeptical - you only managed to optimise this later and WITHOUT the zmat part.
G54: -970.1557 | I54: bogus - I said SCRF but forgot to specify which one, in the first opt | O54: Trying again with that switched on to see whether the energy is sginifciantly different or not
E57: YOU GOT THESE MIXED UP
B59: Protonation Site | C59: (Protonation reaction) | K59: ΔG of protonation
B60: Protonation Site | C60: NC | D60: + | E60: H3O+ | F60: -> | G60: NC-H | H60: + | I60: H2O | K60: H | L60: eV | M60: kJ/mol | N60: kCal/mol
A61: Vac | B61: Bridging | C61: -969.84352 | E61: -76.675348 | G61: -970.15641 | I61: -76.411471 | K61: =(I61+G61)-(E61+C61) -> -0.049012 | L61: =K61*27 -> -1.323324 | M61: =$K61*2600 -> -127.4312 | N61: =$K61*630 -> -30.87756
A62: solv | C62: -969.86328 | E62: -76.798567 | G62: -970.24149 | I62: -76.418996 | K62: =(I62+G62)-(E62+C62) -> 0.001364 | L62: =K62*27 -> 0.036828 | M62: =$K62*2600 -> 3.5464 | N62: =$K62*630 -> 0.85932
B63: Terminal | C63: -969.84352 | E63: -76.675348 | G63: -970.1441 | I63: -76.411471 | K63: =(I63+G63)-(E63+C63) -> -0.036707 | L63: =K63*27 -> -0.991089 | M63: =$K63*2600 -> -95.4382 | N63: =$K63*630 -> -23.12541
C64: -969.86328 | E64: -76.798567 | G64: -970.22698 | I64: -76.418996 | K64: =(I64+G64)-(E64+C64) -> 0.015866 | L64: =K64*27 -> 0.428382 | M64: =$K64*2600 -> 41.2516 | N64: =$K64*630 -> 9.99558
B65: Capping | C65: -969.84352 | E65: -76.675348 | G65: -970.1557 | I65: -76.411471 | K65: =(I65+G65)-(E65+C65) -> -0.048308 | L65: =K65*27 -> -1.304316 | M65: =$K65*2600 -> -125.6008 | N65: =$K65*630 -> -30.43404
C66: -969.86328 | E66: -76.798567 | G66: -970.24211 | I66: -76.418996 | K66: =(I66+G66)-(E66+C66) -> 0.000742 | L66: =K66*27 -> 0.020034 | M66: =$K66*2600 -> 1.9292 | N66: =$K66*630 -> 0.46746
A67: 6-31+G** | B67: lit. /wB97xd | E67: -76.687406
A68: vac only | E68: =E67-E61 -> -0.012058 | F68: H
E69: =E68*2600 -> -31.3508 | F69: kJ/mol
E70: This is quite a big diff. Explain-able by program ver / diff in basis/ compilation?
I73: Protonation Site | K73: Protonated | L73: ΔG of protonation
L74: H | M74: eV | N74: kJ/mol
I75: Bridging | J75: Gas | K75: -970.15641 | L75: -0.049012 | M75: -1.323324 | N75: -127.4312
J76: Solvent | K76: -970.24149 | L76: 0.001364 | M76: 0.036828 | N76: 3.5464
I77: Terminal | J77: Gas | K77: -970.1441 | L77: -0.036707 | M77: -0.991089 | N77: -95.4382
J78: Solvent | K78: -970.22698 | L78: 0.015866 | M78: 0.428382 | N78: 41.2516
I79: Capping | J79: Gas | K79: -970.1557 | L79: -0.048308 | M79: -1.304316 | N79: -125.6008
J80: Solvent | K80: -970.24211 | L80: 0.000742 | M80: 0.020034 | N80: 1.9292
B83: with B3LYP | O83: freq_B3less_O-in_N-out-Step12_R | P83: B3less_O-in_N-out-Step42_TS | Q83: freq_B3less_O-in_N-out-Step120_P | U83: reaction E | V83: eV | W83: kJ/mol | X83: kCal/mol
B84: Protonation Site | C84: NC | D84: + | E84: H3O+ | F84: -> | G84: NC-H | H84: + | I84: H2O | K84: H | L84: eV | M84: kJ/mol | N84: kCal/mol | O84: -970.35564 | P84: -970.35733 | Q84: -970.35523 | U84: =Q84-O84 -> 0.000413 | V84: =U84*27 -> 0.011151 | W84: =U84*2600 -> 1.0738 | X84: =U84*630 -> 0.26019
B85: Bridging | C85: -969.84352 | E85: -76.675348 | G85: -970.15641 | I85: -76.411471 | K85: =(I85+G85)-(E85+C85) -> -0.049012 | L85: =K85*27 -> -1.323324 | M85: =$K85*2600 -> -127.4312 | N85: =$K85*630 -> -30.87756 | O85: *
B86: wB97xd | C86: -969.86328 | E86: -76.798567 | G86: -970.24149 | I86: -76.418996 | K86: =(I86+G86)-(E86+C86) -> 0.001364 | L86: =K86*27 -> 0.036828 | M86: =$K86*2600 -> 3.5464 | N86: =$K86*630 -> 0.85932 | R86: wrong barrier cos wrong TS found | U86: barrier
A87: vac | B87: B3LYP | C87: -970.14002 | E87: -76.696949 | G87: -970.45078 | I87: -76.436967 | K87: =(I87+G87)-(E87+C87) -> -0.050772 | L87: =K87*27 -> -1.370844 | M87: =$K87*2600 -> -132.0072 | N87: =$K87*630 -> -31.98636 | U87: =P84-O84 -> -0.001683 | V87: =U87*27 -> -0.045441 | W87: =U87*2600 -> -4.3758 | X87: =U87*630 -> -1.06029
A88: pcm | C88: -970.15772 | E88: -76.824035 | G88: -970.53783 | I88: -76.444312 | K88: =(I88+G88)-(E88+C88) -> -0.000389 | L88: =K88*27 -> -0.010503 | M88: =$K88*2600 -> -1.0114 | N88: =$K88*630 -> -0.24507
B91: Terminal | C91: -969.84352 | E91: -76.675348 | G91: -970.1441 | I91: -76.411471 | K91: =(I91+G91)-(E91+C91) -> -0.036707 | L91: =K91*27 -> -0.991089 | M91: =$K91*2600 -> -95.4382 | N91: =$K91*630 -> -23.12541
B92: wB97xd | C92: -969.86328 | E92: -76.798567 | G92: -970.22698 | I92: -76.418996 | K92: =(I92+G92)-(E92+C92) -> 0.015866 | L92: =K92*27 -> 0.428382 | M92: =$K92*2600 -> 41.2516 | N92: =$K92*630 -> 9.99558
A93: vac | B93: B3LYP | C93: -970.14002 | E93: -76.696949 | G93: -970.4382 | I93: -76.436967 | K93: =(I93+G93)-(E93+C93) -> -0.038195 | L93: =K93*27 -> -1.031265 | M93: =$K93*2600 -> -99.307 | N93: =$K93*630 -> -24.06285
A94: pcm | C94: -970.15772 | E94: -76.824035 | G94: -970.52696 | I94: -76.444312 | K94: =(I94+G94)-(E94+C94) -> 0.010488 | L94: =K94*27 -> 0.283176 | M94: =$K94*2600 -> 27.2688 | N94: =$K94*630 -> 6.60744
B97: Capping | C97: -969.84352 | E97: -76.675348 | G97: -970.1557 | I97: -76.411471 | K97: =(I97+G97)-(E97+C97) -> -0.048308 | L97: =K97*27 -> -1.304316 | M97: =$K97*2600 -> -125.6008 | N97: =$K97*630 -> -30.43404
B98: wB97xd | C98: -969.86328 | E98: -76.798567 | G98: -970.24211 | I98: -76.418996 | K98: =(I98+G98)-(E98+C98) -> 0.000742 | L98: =K98*27 -> 0.020034 | M98: =$K98*2600 -> 1.9292 | N98: =$K98*630 -> 0.46746
A99: vac | B99: B3LYP | C99: -970.14002 | E99: -76.696949 | G99: -970.45077 | I99: -76.436967 | K99: =(I99+G99)-(E99+C99) -> -0.050769 | L99: =K99*27 -> -1.370763 | M99: =$K99*2600 -> -131.9994 | N99: =$K99*630 -> -31.98447
A100: pcm | C100: -970.15772 | E100: -76.824035 | G100: -970.53577 | I100: -76.444312 | K100: =(I100+G100)-(E100+C100) -> 0.001674 | L100: =K100*27 -> 0.045198 | M100: =$K100*2600 -> 4.3524 | N100: =$K100*630 -> 1.05462
A105: And subsequent denitration
B107: Protonated Site | C107: NC-H | D107: -> | E107: Cell | F107: + | G107: NO2+ | K107: H | L107: eV | M107: kJ/mol | N107: kCal/mol
B108: Bridging | C108: -970.15641 | E108: -765.42318 | G108: -204.68172 | K108: =(G108+E108)-C108 -> 0.051507 | L108: =K108*27 -> 1.390689 | M108: =$K108*2600 -> 133.9182 | N108: =$K108*630 -> 32.44941
B109: wB97xd | C109: -970.24149 | G109: -204.79656 | K109: =(G109+E109)-C109 -> 765.44493 | L109: =K109*27 -> 20667.013 | M109: =$K109*2600 -> 1990156.8 | N109: =$K109*630 -> 482230.31
B110: B3LYP | C110: -970.45078 | G110: -204.74861 | K110: =(G110+E110)-C110 -> 765.70217 | L110: =K110*27 -> 20673.959 | M110: =$K110*2600 -> 1990825.6 | N110: =$K110*630 -> 482392.37
C111: -970.53783 | G111: -204.86345 | K111: =(G111+E111)-C111 -> 765.67438 | L111: =K111*27 -> 20673.208 | M111: =$K111*2600 -> 1990753.4 | N111: =$K111*630 -> 482374.86
B114: Terminal | C114: -970.1441 | E114: -765.42318 | G114: -204.68172 | K114: =(G114+E114)-C114 -> 0.039202 | L114: =K114*27 -> 1.058454 | M114: =$K114*2600 -> 101.9252 | N114: =$K114*630 -> 24.69726
B115: wB97xd | C115: -970.22698 | G115: -204.79656 | K115: =(G115+E115)-C115 -> 765.43043 | L115: =K115*27 -> 20666.622 | M115: =$K115*2600 -> 1990119.1 | N115: =$K115*630 -> 482221.17
B116: B3LYP | C116: -970.4382 | G116: -204.74861 | K116: =(G116+E116)-C116 -> 765.68959 | L116: =K116*27 -> 20673.619 | M116: =$K116*2600 -> 1990792.9 | N116: =$K116*630 -> 482384.44
C117: -970.52696 | G117: -204.86345 | K117: =(G117+E117)-C117 -> 765.6635 | L117: =K117*27 -> 20672.915 | M117: =$K117*2600 -> 1990725.1 | N117: =$K117*630 -> 482368.01
B120: Capping | C120: -970.1557 | E120: -765.42318 | G120: -204.68172 | K120: =(G120+E120)-C120 -> 0.050803 | L120: =K120*27 -> 1.371681 | M120: =$K120*2600 -> 132.0878 | N120: =$K120*630 -> 32.00589
B121: wB97xd | C121: -970.24211 | G121: -204.79656 | K121: =(G121+E121)-C121 -> 765.44555 | L121: =K121*27 -> 20667.03 | M121: =$K121*2600 -> 1990158.4 | N121: =$K121*630 -> 482230.7
B122: B3LYP | C122: -970.45077 | G122: -204.74861 | K122: =(G122+E122)-C122 -> 765.70216 | L122: =K122*27 -> 20673.958 | M122: =$K122*2600 -> 1990825.6 | N122: =$K122*630 -> 482392.36
C123: -970.53577 | G123: -204.86345 | K123: =(G123+E123)-C123 -> 765.67232 | L123: =K123*27 -> 20673.153 | M123: =$K123*2600 -> 1990748 | N123: =$K123*630 -> 482373.56

Sheet For_csv
A1: Protonation Site | B1: ΔG protonation
B2: WB97XD | C2: B3LYP | D2: MP2
A3: Bridging | B3: =_DeltaG!N9 -> -30.87756 | C3: =_DeltaG!N11 -> -31.98636 | D3: =_DeltaG!N10 -> -36.94761
A5: Terminal | B5: =_DeltaG!N13 -> -23.12541 | C5: =_DeltaG!N15 -> -24.06285 | D5: =_DeltaG!N14 -> -22.14513
A7: Capping | B7: =_DeltaG!L18 -> -1.304316 | C7: =_DeltaG!N20 -> -31.98447 | D7: =_DeltaG!N19 -> -36.94698

Sheet CSV_solv
A1: Protonation Site | B1: ΔG protonation
B2: WB97XD | C2: PCM | D2: SMD
A3: Bridging | C3: =_DeltaG!N33 -> 0.85932
A5: Terminal | C5: =_DeltaG!N37 -> 9.99558
A7: Capping | C7: =_DeltaG!N41 -> 0.46746

Sheet Energies
A1: from: | B1: wb97xd / 6-31+g(2df,p)
A2: /home/c.sacal5/Scratch/Mech_monomers/proton_site/corrected
E4: =A5 -> C2_NC3-CH3_corr-C2H-ON.out | F4: =B14 -> -970.15885
A5: C2_NC3-CH3_corr-C2H-ON.out | E5: =A17 -> C2_NC3-CH3_corr-Hcap.out | F5: =B26 -> -970.16489
A6: SCF Done: E(RwB97XD) | B6: -970.379804786 A.U. after 1 cycles | E6: =A29 -> C2_NC3-CH3_corr-OH_down.out | F6: =B38 -> -970.15011
A7: Zero-point correction | B7: 0.268380 (Hartree/Particle) | E7: =A41 -> C2_NC3-CH3_corr-OH_up.out | F7: =B50 -> -970.16489 | G7: FACKKKK This says its more likely to be the terminal one, than the bridging, like I saw before.
A8: Thermal correction to Energy | B8: 0.287522 | E8: =A53 -> C2_NC3-CH3_corr_HI.out | F8: =B62 -> -969.85363
A9: Thermal correction to Enthalpy | B9: 0.288466
A10: Thermal correction to Gibbs Free Energy | B10: 0.220959 | E10: This corresponds to some of the cyclic transition states I looked at but not for the bridging scans.
A11: Sum of electronic and zero-point Energies | B11: -970.11143 | E11: But if you look at the geometry of the briding - the scans totally make sense, because the NO2 looks like it wants to come off anyways.
A12: Sum of electronic and thermal Energies | B12: -970.09228
A13: Sum of electronic and thermal Enthalpies | B13: -970.09134
A14: Sum of electronic and thermal Free Energies | B14: -970.15885
A17: C2_NC3-CH3_corr-Hcap.out
A18: SCF Done: E(RwB97XD) | B18: -970.387602126 A.U. after 1 cycles
A19: Zero-point correction | B19: 0.269354 (Hartree/Particle)
A20: Thermal correction to Energy | B20: 0.287609
A21: Thermal correction to Enthalpy | B21: 0.288553
A22: Thermal correction to Gibbs Free Energy | B22: 0.222712
A23: Sum of electronic and zero-point Energies | B23: -970.11825
A24: Sum of electronic and thermal Energies | B24: -970.09999
A25: Sum of electronic and thermal Enthalpies | B25: -970.09905
A26: Sum of electronic and thermal Free Energies | B26: -970.16489
A29: C2_NC3-CH3_corr-OH_down.out
A30: SCF Done: E(RwB97XD) | B30: -970.372903461 A.U. after 1 cycles
A31: Zero-point correction | B31: 0.269789 (Hartree/Particle)
A32: Thermal correction to Energy | B32: 0.288158
A33: Thermal correction to Enthalpy | B33: 0.289102
A34: Thermal correction to Gibbs Free Energy | B34: 0.222796
A35: Sum of electronic and zero-point Energies | B35: -970.10311
A36: Sum of electronic and thermal Energies | B36: -970.08475
A37: Sum of electronic and thermal Enthalpies | B37: -970.0838
A38: Sum of electronic and thermal Free Energies | B38: -970.15011
A41: C2_NC3-CH3_corr-OH_up.out
A42: SCF Done: E(RwB97XD) | B42: -970.387602117 A.U. after 1 cycles
A43: Zero-point correction | B43: 0.269354 (Hartree/Particle)
A44: Thermal correction to Energy | B44: 0.287609
A45: Thermal correction to Enthalpy | B45: 0.288553
A46: Thermal correction to Gibbs Free Energy | B46: 0.222713
A47: Sum of electronic and zero-point Energies | B47: -970.11825
A48: Sum of electronic and thermal Energies | B48: -970.09999
A49: Sum of electronic and thermal Enthalpies | B49: -970.09905
A50: Sum of electronic and thermal Free Energies | B50: -970.16489
A53: C2_NC3-CH3_corr_HI.out
A54: SCF Done: E(RwB97XD) | B54: -970.062671043 A.U. after 1 cycles
A55: Zero-point correction | B55: 0.256804 (Hartree/Particle)
A56: Thermal correction to Energy | B56: 0.275092
A57: Thermal correction to Enthalpy | B57: 0.276036
A58: Thermal correction to Gibbs Free Energy | B58: 0.209037
A59: Sum of electronic and zero-point Energies | B59: -969.80587
A60: Sum of electronic and thermal Energies | B60: -969.78758
A61: Sum of electronic and thermal Enthalpies | B61: -969.78664
A62: Sum of electronic and thermal Free Energies | B62: -969.85363

Sheet solv
A1: from:
A2: /home/c.sacal5/Scratch/Mech_monomers/proton_site/corrected/solv
E4: =E16 -> s_C2_NC3-CH3_corr-C2H-ON.out | F4: =F25 -> -970.2415 | H4: smd_C2_NC3-CH3_corr-C2H-ON.out | I4: -970.2555 | J4: Must consider what this means for solvent!!
E5: =E28 -> s_C2_NC3-CH3_corr-Hcap.out | F5: =F37 -> -970.24215 | H5: smd_C2_NC3-CH3_corr-Hcap.out | I5: -970.27236
E6: =E40 -> s_C2_NC3-CH3_corr-OH_down.out | F6: =F49 -> -970.23131 | H6: smd_C2_NC3-CH3_corr-OH_down.out | I6: -970.25294
E7: =E52 -> s_C2_NC3-CH3_corr-OH_up.out | F7: =F61 -> -970.20934 | H7: smd_C2_NC3-CH3_corr-OH_up.out | I7: -970.25086
E8: =E64 -> s_C2_NC3-CH3_corr_HI.out | F8: =F73 -> -969.86832 | H8: smd_C2_NC3-CH3_corr_HI.out | I8: -969.8757
H10: why does SMD give much lower abs energies?
E11: must have given a completely different geometry to the WB97XD vacuum calc - solvent stabilisation doesn't allow H to fly off to the capping group?
E12: More realistic?
E14: Unconverged
E16: s_C2_NC3-CH3_corr-C2H-ON.out
E17: SCF Done: E(RwB97XD) | F17: -970.462948132 A.U. after 1 cycles
E18: Zero-point correction | F18: 0.264769 (Hartree/Particle)
E19: Thermal correction to Energy | F19: 0.28075
E20: Thermal correction to Enthalpy | F20: 0.281694
E21: Thermal correction to Gibbs Free Energy | F21: 0.221452
E22: Sum of electronic and zero-point Energies | F22: -970.19818
E23: Sum of electronic and thermal Energies | F23: -970.1822
E24: Sum of electronic and thermal Enthalpies | F24: -970.18125
E25: Sum of electronic and thermal Free Energies | F25: -970.2415
E28: s_C2_NC3-CH3_corr-Hcap.out
E29: SCF Done: E(RwB97XD) | F29: -970.472890308 A.U. after 1 cycles
E30: Zero-point correction | F30: 0.272976 (Hartree/Particle)
E31: Thermal correction to Energy | F31: 0.287772
E32: Thermal correction to Enthalpy | F32: 0.288716
E33: Thermal correction to Gibbs Free Energy | F33: 0.230742
E34: Sum of electronic and zero-point Energies | F34: -970.19991
E35: Sum of electronic and thermal Energies | F35: -970.18512
E36: Sum of electronic and thermal Enthalpies | F36: -970.18417
E37: Sum of electronic and thermal Free Energies | F37: -970.24215
E40: s_C2_NC3-CH3_corr-OH_down.out
E41: SCF Done: E(RwB97XD) | F41: -970.455369574 A.U. after 1 cycles
E42: Zero-point correction | F42: 0.262707 (Hartree/Particle)
E43: Thermal correction to Energy | F43: 0.274945
E44: Thermal correction to Enthalpy | F44: 0.27589
E45: Thermal correction to Gibbs Free Energy | F45: 0.224056
E46: Sum of electronic and zero-point Energies | F46: -970.19266
E47: Sum of electronic and thermal Energies | F47: -970.18042
E48: Sum of electronic and thermal Enthalpies | F48: -970.17948
E49: Sum of electronic and thermal Free Energies | F49: -970.23131
E52: s_C2_NC3-CH3_corr-OH_up.out
E53: SCF Done: E(RwB97XD) | F53: -970.451362484 A.U. after 1 cycles
E54: Zero-point correction | F54: 0.281164 (Hartree/Particle)
E55: Thermal correction to Energy | F55: 0.29366
E56: Thermal correction to Enthalpy | F56: 0.294604
E57: Thermal correction to Gibbs Free Energy | F57: 0.242024
E58: Sum of electronic and zero-point Energies | F58: -970.1702
E59: Sum of electronic and thermal Energies | F59: -970.1577
E60: Sum of electronic and thermal Enthalpies | F60: -970.15676
E61: Sum of electronic and thermal Free Energies | F61: -970.20934
E64: s_C2_NC3-CH3_corr_HI.out
E65: SCF Done: E(RwB97XD) | F65: -970.079675847 A.U. after 1 cycles
E66: Zero-point correction | F66: 0.255545 (Hartree/Particle)
E67: Thermal correction to Energy | F67: 0.271591
E68: Thermal correction to Enthalpy | F68: 0.272535
E69: Thermal correction to Gibbs Free Energy | F69: 0.211358
E70: Sum of electronic and zero-point Energies | F70: -969.82413
E71: Sum of electronic and thermal Energies | F71: -969.80809
E72: Sum of electronic and thermal Enthalpies | F72: -969.80714
E73: Sum of electronic and thermal Free Energies | F73: -969.86832

Sheet B3LYP
A1: from:
A2: /home/c.sacal5/Scratch/Mech_monomers/proton_site/corrected/B3LYP
E4: =A5 -> B3LYP_C2_NC3-CH3_corr-C2H-ON.out | F4: =B14 -> -970.45533
A5: B3LYP_C2_NC3-CH3_corr-C2H-ON.out | E5: =A17 -> B3LYP_C2_NC3-CH3_corr-Hcap.out | F5: =B26 -> -970.45932
A6: SCF Done: E(RB3LYP) | B6: -970.671643993 A.U. after 1 cycles | E6: =A29 -> B3LYP_C2_NC3-CH3_corr-OH_down.out | F6: =B38 -> -970.44538
A7: Zero-point correction | B7: 0.263967 (Hartree/Particle) | E7: =A41 -> B3LYP_C2_NC3-CH3_corr-OH_up.out | F7: =B50 -> -970.45932
A8: Thermal correction to Energy | B8: 0.283331 | E8: =A53 -> B3LYP_C2_NC3-CH3_corr_HI.out | F8: =B62 -> -970.14984
A9: Thermal correction to Enthalpy | B9: 0.284275
A10: Thermal correction to Gibbs Free Energy | B10: 0.216317
A11: Sum of electronic and zero-point Energies | B11: -970.40768
A12: Sum of electronic and thermal Energies | B12: -970.38831
A13: Sum of electronic and thermal Enthalpies | B13: -970.38737
A14: Sum of electronic and thermal Free Energies | B14: -970.45533
A17: B3LYP_C2_NC3-CH3_corr-Hcap.out
A18: SCF Done: E(RB3LYP) | B18: -970.677172426 A.U. after 1 cycles
A19: Zero-point correction | B19: 0.264879 (Hartree/Particle)
A20: Thermal correction to Energy | B20: 0.283471
A21: Thermal correction to Enthalpy | B21: 0.284415
A22: Thermal correction to Gibbs Free Energy | B22: 0.217853
A23: Sum of electronic and zero-point Energies | B23: -970.41229
A24: Sum of electronic and thermal Energies | B24: -970.3937
A25: Sum of electronic and thermal Enthalpies | B25: -970.39276
A26: Sum of electronic and thermal Free Energies | B26: -970.45932
A29: B3LYP_C2_NC3-CH3_corr-OH_down.out
A30: SCF Done: E(RB3LYP) | B30: -970.662511963 A.U. after 1 cycles
A31: Zero-point correction | B31: 0.265253 (Hartree/Particle)
A32: Thermal correction to Energy | B32: 0.284051
A33: Thermal correction to Enthalpy | B33: 0.284995
A34: Thermal correction to Gibbs Free Energy | B34: 0.217129
A35: Sum of electronic and zero-point Energies | B35: -970.39726
A36: Sum of electronic and thermal Energies | B36: -970.37846
A37: Sum of electronic and thermal Enthalpies | B37: -970.37752
A38: Sum of electronic and thermal Free Energies | B38: -970.44538
A41: B3LYP_C2_NC3-CH3_corr-OH_up.out
A42: SCF Done: E(RB3LYP) | B42: -970.677172420 A.U. after 1 cycles
A43: Zero-point correction | B43: 0.264879 (Hartree/Particle)
A44: Thermal correction to Energy | B44: 0.283471
A45: Thermal correction to Enthalpy | B45: 0.284415
A46: Thermal correction to Gibbs Free Energy | B46: 0.217854
A47: Sum of electronic and zero-point Energies | B47: -970.41229
A48: Sum of electronic and thermal Energies | B48: -970.3937
A49: Sum of electronic and thermal Enthalpies | B49: -970.39276
A50: Sum of electronic and thermal Free Energies | B50: -970.45932
A53: B3LYP_C2_NC3-CH3_corr_HI.out
A54: SCF Done: E(RB3LYP) | B54: -970.355444854 A.U. after 2 cycles
A55: Zero-point correction | B55: 0.253063 (Hartree/Particle)
A56: Thermal correction to Energy | B56: 0.271486
A57: Thermal correction to Enthalpy | B57: 0.27243
A58: Thermal correction to Gibbs Free Energy | B58: 0.205609
A59: Sum of electronic and zero-point Energies | B59: -970.10238
A60: Sum of electronic and thermal Energies | B60: -970.08396
A61: Sum of electronic and thermal Enthalpies | B61: -970.08302
A62: Sum of electronic and thermal Free Energies | B62: -970.14984

Sheet B3_solv
E4: =E15 -> s_B3LYP_C2_NC3-CH3_corr-C2H-ON.out | F4: =F24 -> -970.5259 | G4: Now these two are strangely similar
E5: =E27 -> s_B3LYP_C2_NC3-CH3_corr-Hcap.out | F5: =F36 -> -970.54567
E6: =E39 -> s_B3LYP_C2_NC3-CH3_corr-OH_down.out | F6: =F48 -> -970.52531
E7: =E51 -> s_B3LYP_C2_NC3-CH3_corr-OH_up.out | F7: =F60 -> -970.51949
E8: =E63 -> s_B3LYP_C2_NC3-CH3_corr_HI.out | F8: =F72 -> -970.1641
E11: UNCONVERGED:
E12: /home/c.sacal5/Scratch/Mech_monomers/proton_site/corrected/B3LYP/solv
E15: s_B3LYP_C2_NC3-CH3_corr-C2H-ON.out
E16: SCF Done: E(RB3LYP) | F16: -970.751785219 A.U. after 1 cycles
E17: Zero-point correction | F17: 0.270048 (Hartree/Particle)
E18: Thermal correction to Energy | F18: 0.28674
E19: Thermal correction to Enthalpy | F19: 0.287685
E20: Thermal correction to Gibbs Free Energy | F20: 0.225888
E21: Sum of electronic and zero-point Energies | F21: -970.48174
E22: Sum of electronic and thermal Energies | F22: -970.46505
E23: Sum of electronic and thermal Enthalpies | F23: -970.4641
E24: Sum of electronic and thermal Free Energies | F24: -970.5259
E27: s_B3LYP_C2_NC3-CH3_corr-Hcap.out
E28: SCF Done: E(RB3LYP) | F28: -970.762350295 A.U. after 1 cycles
E29: Zero-point correction | F29: 0.259002 (Hartree/Particle)
E30: Thermal correction to Energy | F30: 0.274442
E31: Thermal correction to Enthalpy | F31: 0.275386
E32: Thermal correction to Gibbs Free Energy | F32: 0.216682
E33: Sum of electronic and zero-point Energies | F33: -970.50335
E34: Sum of electronic and thermal Energies | F34: -970.48791
E35: Sum of electronic and thermal Enthalpies | F35: -970.48696
E36: Sum of electronic and thermal Free Energies | F36: -970.54567
E39: s_B3LYP_C2_NC3-CH3_corr-OH_down.out
E40: SCF Done: E(RB3LYP) | F40: -970.744136716 A.U. after 1 cycles
E41: Zero-point correction | F41: 0.260283 (Hartree/Particle)
E42: Thermal correction to Energy | F42: 0.274256
E43: Thermal correction to Enthalpy | F43: 0.2752
E44: Thermal correction to Gibbs Free Energy | F44: 0.218831
E45: Sum of electronic and zero-point Energies | F45: -970.48385
E46: Sum of electronic and thermal Energies | F46: -970.46988
E47: Sum of electronic and thermal Enthalpies | F47: -970.46894
E48: Sum of electronic and thermal Free Energies | F48: -970.52531
E51: s_B3LYP_C2_NC3-CH3_corr-OH_up.out
E52: SCF Done: E(RB3LYP) | F52: -970.740260131 A.U. after 1 cycles
E53: Zero-point correction | F53: 0.260765 (Hartree/Particle)
E54: Thermal correction to Energy | F54: 0.27394
E55: Thermal correction to Enthalpy | F55: 0.274884
E56: Thermal correction to Gibbs Free Energy | F56: 0.220769
E57: Sum of electronic and zero-point Energies | F57: -970.4795
E58: Sum of electronic and thermal Energies | F58: -970.46632
E59: Sum of electronic and thermal Enthalpies | F59: -970.46538
E60: Sum of electronic and thermal Free Energies | F60: -970.51949
E63: s_B3LYP_C2_NC3-CH3_corr_HI.out
E64: SCF Done: E(RB3LYP) | F64: -970.371927743 A.U. after 1 cycles
E65: Zero-point correction | F65: 0.252175 (Hartree/Particle)
E66: Thermal correction to Energy | F66: 0.268362
E67: Thermal correction to Enthalpy | F67: 0.269306
E68: Thermal correction to Gibbs Free Energy | F68: 0.207828
E69: Sum of electronic and zero-point Energies | F69: -970.11975
E70: Sum of electronic and thermal Energies | F70: -970.10357
E71: Sum of electronic and thermal Enthalpies | F71: -970.10262
E72: Sum of electronic and thermal Free Energies | F72: -970.1641

Sheet MP2
A1: from:
A2: /home/c.sacal5/Scratch/Mech_monomers/proton_site/corrected/MP2
E4: =A5 -> MP2_C2_NC3-CH3_corr-C2H-ON.out | F4: =B14 -> -968.32954
A5: MP2_C2_NC3-CH3_corr-C2H-ON.out | E5: =A17 -> MP2_C2_NC3-CH3_corr-Hcap.out | F5: =B26 -> -968.30763
A6: SCF Done: E(RHF) | B6: -965.238166173 A.U. after 1 cycles | E6: =A29 -> MP2_C2_NC3-CH3_corr-OH_down.out | F6: =B38 -> -968.29197
A7: Zero-point correction | B7: 0.269199 (Hartree/Particle) | E7: =A41 -> MP2_C2_NC3-CH3_corr-OH_up.out | F7: =B50 -> -968.30763
A8: Thermal correction to Energy | B8: 0.288461 | E8: =A53 -> MP2_C2_NC3-CH3_corr_HI.out | F8: =B62 -> -968.00523
A9: Thermal correction to Enthalpy | B9: 0.289405
A10: Thermal correction to Gibbs Free Energy | B10: 0.221637
A11: Sum of electronic and zero-point Energies | B11: -968.28198
A12: Sum of electronic and thermal Energies | B12: -968.26272
A13: Sum of electronic and thermal Enthalpies | B13: -968.26178
A14: Sum of electronic and thermal Free Energies | B14: -968.32954
A17: MP2_C2_NC3-CH3_corr-Hcap.out
A18: SCF Done: E(RHF) | B18: -965.251333771 A.U. after 1 cycles
A19: Zero-point correction | B19: 0.269959 (Hartree/Particle)
A20: Thermal correction to Energy | B20: 0.288232
A21: Thermal correction to Enthalpy | B21: 0.289176
A22: Thermal correction to Gibbs Free Energy | B22: 0.223441
A23: Sum of electronic and zero-point Energies | B23: -968.26111
A24: Sum of electronic and thermal Energies | B24: -968.24284
A25: Sum of electronic and thermal Enthalpies | B25: -968.24189
A26: Sum of electronic and thermal Free Energies | B26: -968.30763
A29: MP2_C2_NC3-CH3_corr-OH_down.out
A30: SCF Done: E(RHF) | B30: -965.243021575 A.U. after 1 cycles
A31: Zero-point correction | B31: 0.270430 (Hartree/Particle)
A32: Thermal correction to Energy | B32: 0.288753
A33: Thermal correction to Enthalpy | B33: 0.289697
A34: Thermal correction to Gibbs Free Energy | B34: 0.223838
A35: Sum of electronic and zero-point Energies | B35: -968.24538
A36: Sum of electronic and thermal Energies | B36: -968.22705
A37: Sum of electronic and thermal Enthalpies | B37: -968.22611
A38: Sum of electronic and thermal Free Energies | B38: -968.29197
A41: MP2_C2_NC3-CH3_corr-OH_up.out
A42: SCF Done: E(RHF) | B42: -965.251326539 A.U. after 1 cycles
A43: Zero-point correction | B43: 0.269959 (Hartree/Particle)
A44: Thermal correction to Energy | B44: 0.288231
A45: Thermal correction to Enthalpy | B45: 0.289175
A46: Thermal correction to Gibbs Free Energy | B46: 0.223445
A47: Sum of electronic and zero-point Energies | B47: -968.26111
A48: Sum of electronic and thermal Energies | B48: -968.24284
A49: Sum of electronic and thermal Enthalpies | B49: -968.24189
A50: Sum of electronic and thermal Free Energies | B50: -968.30763
A53: MP2_C2_NC3-CH3_corr_HI.out
A54: SCF Done: E(RHF) | B54: -964.925243661 A.U. after 1 cycles
A55: Zero-point correction | B55: 0.257635 (Hartree/Particle)
A56: Thermal correction to Energy | B56: 0.275819
A57: Thermal correction to Enthalpy | B57: 0.276763
A58: Thermal correction to Gibbs Free Energy | B58: 0.210596
A59: Sum of electronic and zero-point Energies | B59: -967.95819
A60: Sum of electronic and thermal Energies | B60: -967.94001
A61: Sum of electronic and thermal Enthalpies | B61: -967.93906
A62: Sum of electronic and thermal Free Energies | B62: -968.00523

Sheet SMD
A1: from:
A2: /home/c.sacal5/Scratch/Mech_monomers/proton_site/corrected/solv/SMD
E4: =A5 -> smd_C2_NC3-CH3_corr-C2H-ON.out | F4: =B14 -> -970.2555
A5: smd_C2_NC3-CH3_corr-C2H-ON.out | E5: =A17 -> smd_C2_NC3-CH3_corr-Hcap.out | F5: =B26 -> -970.27236
A6: SCF Done: E(RwB97XD) | B6: -970.484802713 A.U. after 1 cycles | E6: =A29 -> smd_C2_NC3-CH3_corr-OH_down.out | F6: =B38 -> -970.25294
A7: Zero-point correction | B7: 0.271668 (Hartree/Particle) | E7: =A41 -> smd_C2_NC3-CH3_corr-OH_up.out | F7: =B50 -> -970.25086
A8: Thermal correction to Energy | B8: 0.286883 | E8: =A53 -> smd_C2_NC3-CH3_corr_HI.out | F8: =B62 -> -969.8757
A9: Thermal correction to Enthalpy | B9: 0.287827
A10: Thermal correction to Gibbs Free Energy | B10: 0.229301
A11: Sum of electronic and zero-point Energies | B11: -970.21313
A12: Sum of electronic and thermal Energies | B12: -970.19792
A13: Sum of electronic and thermal Enthalpies | B13: -970.19698
A14: Sum of electronic and thermal Free Energies | B14: -970.2555
A17: smd_C2_NC3-CH3_corr-Hcap.out
A18: SCF Done: E(RwB97XD) | B18: -970.495743558 A.U. after 1 cycles
A19: Zero-point correction | B19: 0.266352 (Hartree/Particle)
A20: Thermal correction to Energy | B20: 0.282495
A21: Thermal correction to Enthalpy | B21: 0.283439
A22: Thermal correction to Gibbs Free Energy | B22: 0.223384
A23: Sum of electronic and zero-point Energies | B23: -970.22939
A24: Sum of electronic and thermal Energies | B24: -970.21325
A25: Sum of electronic and thermal Enthalpies | B25: -970.21231
A26: Sum of electronic and thermal Free Energies | B26: -970.27236
A29: smd_C2_NC3-CH3_corr-OH_down.out
A30: SCF Done: E(RwB97XD) | B30: -970.477926669 A.U. after 1 cycles
A31: Zero-point correction | B31: 0.267625 (Hartree/Particle)
A32: Thermal correction to Energy | B32: 0.283113
A33: Thermal correction to Enthalpy | B33: 0.284058
A34: Thermal correction to Gibbs Free Energy | B34: 0.224989
A35: Sum of electronic and zero-point Energies | B35: -970.2103
A36: Sum of electronic and thermal Energies | B36: -970.19481
A37: Sum of electronic and thermal Enthalpies | B37: -970.19387
A38: Sum of electronic and thermal Free Energies | B38: -970.25294
A41: smd_C2_NC3-CH3_corr-OH_up.out
A42: SCF Done: E(RwB97XD) | B42: -970.473981892 A.U. after 1 cycles
A43: Zero-point correction | B43: 0.266138 (Hartree/Particle)
A44: Thermal correction to Energy | B44: 0.281986
A45: Thermal correction to Enthalpy | B45: 0.28293
A46: Thermal correction to Gibbs Free Energy | B46: 0.223124
A47: Sum of electronic and zero-point Energies | B47: -970.20784
A48: Sum of electronic and thermal Energies | B48: -970.192
A49: Sum of electronic and thermal Enthalpies | B49: -970.19105
A50: Sum of electronic and thermal Free Energies | B50: -970.25086
A53: smd_C2_NC3-CH3_corr_HI.out
A54: SCF Done: E(RwB97XD) | B54: -970.087240463 A.U. after 1 cycles
A55: Zero-point correction | B55: 0.253073 (Hartree/Particle)
A56: Thermal correction to Energy | B56: 0.267897
A57: Thermal correction to Enthalpy | B57: 0.268841
A58: Thermal correction to Gibbs Free Energy | B58: 0.211537
A59: Sum of electronic and zero-point Energies | B59: -969.83417
A60: Sum of electronic and thermal Energies | B60: -969.81934
A61: Sum of electronic and thermal Enthalpies | B61: -969.8184
A62: Sum of electronic and thermal Free Energies | B62: -969.8757
